method,prefix,metric,n,bad_direction,bad_threshold,bad_rate,q01,q05,q10,q50,q90,q95,q99,mean,std
DivTree λ=0,divtree_lambda0,accuracy,4400,low,0.55,0.7452272727272727,0.1970277906081601,0.24027908689079966,0.2554161685994682,0.34202764334423685,1.0,1.0,1.0,0.45787663441553994,0.2491524422552498
DivTree λ=1,divtree_lambda1_region2,accuracy,4400,low,0.55,0.7456818181818182,0.2055513996231932,0.24105802550311242,0.25325958206495475,0.3409728280533195,1.0,1.0,1.0,0.4571338429822807,0.24951959955266748
DivTree λ=2,divtree_lambda2_region2,accuracy,4400,low,0.55,0.7452272727272727,0.20657424322629275,0.24168146411401537,0.2531394241846717,0.3408605547514893,1.0,1.0,1.0,0.45543087380842795,0.24847512595663362
DivTree λ=4,divtree_lambda4_region2,accuracy,4400,low,0.55,0.7465909090909091,0.21050071241605273,0.24245335399366721,0.2517513511262458,0.3374285114561605,1.0,1.0,1.0,0.4541350081122029,0.24957360017762925
DivTree λ=8,divtree_lambda8_region2,accuracy,4400,low,0.55,0.7461363636363636,0.21376847384022246,0.24251281921458576,0.2512396989681292,0.33725878906794704,1.0,1.0,1.0,0.45277848857675423,0.24831369503900522
TwoStep (recall),twostep_recall,accuracy,4400,low,0.55,0.8222727272727273,0.2304745084361921,0.2548972178290928,0.2701911687049283,0.35438092688204065,0.9795107096093248,1.0,1.0,0.44166011447772136,0.22234786350114735
TwoStep (tuned),twostep_tuned,accuracy,4400,low,0.55,0.7629545454545454,0.23067001209764135,0.255515563609314,0.2731196698959608,0.38296278438551934,1.0,1.0,1.0,0.46442114122030653,0.2289184733593724
DivTree λ=0,divtree_lambda0,cpu_time,4400,high,196.67939860000018,0.05,6.197844980000002,7.277650200000004,8.132607899999998,25.033222000000002,127.36929849999994,196.67939860000018,347.71717743,52.15784616909092,67.62144299359929
DivTree λ=1,divtree_lambda1_region2,cpu_time,4400,high,199.17567914999972,0.05,6.108914129999691,7.146169349999982,8.11359770000001,25.516820999999936,129.90991509999995,199.17567914999972,347.6510730900002,53.04516148636363,68.45840888779527
DivTree λ=2,divtree_lambda2_region2,cpu_time,4400,high,204.08497879999993,0.05,6.08779692999997,7.147004899999866,8.018849799999971,25.590333999999938,133.28532760000013,204.08497879999993,345.01620418000033,53.706204948863636,69.11900180340997
DivTree λ=4,divtree_lambda4_region2,cpu_time,4400,high,209.4308818000002,0.05,6.048475270000001,7.069844100000045,7.90871479999978,25.35694450000002,137.61638680000002,209.4308818000002,347.6132862999998,54.345923817272734,70.17737979593998
DivTree λ=8,divtree_lambda8_region2,cpu_time,4400,high,213.56164905000017,0.05,5.967311009999999,6.9991613000000115,7.934102800000012,25.184821500000453,140.7625830999992,213.56164905000017,344.55964526999895,54.45949140068182,70.55452578293605
TwoStep (recall),twostep_recall,cpu_time,4400,high,5514.21535535,0.05,38.22124063999999,74.46442855000008,95.56550810000007,555.8761615,4448.142779499999,5514.21535535,6820.227850370002,1457.158540148409,1794.6050692812598
TwoStep (tuned),twostep_tuned,cpu_time,4400,high,5514.182134300001,0.05,38.23301214999993,74.48025865000005,95.62688590000003,555.9108755,4450.622068299999,5514.182134300001,6821.073793360001,1457.6432527188636,1795.238559562703
DivTree λ=0,divtree_lambda0,f1_region_2,4400,low,0.55,0.6184090909090909,0.0,0.0,0.0,0.4428516084050662,1.0,1.0,1.0,0.3999846101841012,0.3493371310875869
DivTree λ=1,divtree_lambda1_region2,f1_region_2,4400,low,0.55,0.6118181818181818,0.0,0.0,0.0,0.44048581023127076,1.0,1.0,1.0,0.4093134425115918,0.34596421269562116
DivTree λ=2,divtree_lambda2_region2,f1_region_2,4400,low,0.55,0.6088636363636364,0.0,0.0,0.0,0.43991064377477884,1.0,1.0,1.0,0.4152603984167546,0.3418689883279974
DivTree λ=4,divtree_lambda4_region2,f1_region_2,4400,low,0.55,0.6056818181818182,0.0,0.0,0.0,0.43211826572233136,1.0,1.0,1.0,0.4226471393025343,0.3383131305859296
DivTree λ=8,divtree_lambda8_region2,f1_region_2,4400,low,0.55,0.6020454545454546,0.0,0.0,0.0,0.43261989073390483,1.0,1.0,1.0,0.42979365814334547,0.3363298408528887
TwoStep (recall),twostep_recall,f1_region_2,4400,low,0.55,0.6736363636363636,0.0,0.0,0.0,0.44434381674600204,0.9908561594556404,1.0,1.0,0.4011545729930489,0.31692868831036813
TwoStep (tuned),twostep_tuned,f1_region_2,4400,low,0.55,0.6406818181818181,0.0,0.0,0.0,0.45184299875804446,1.0,1.0,1.0,0.4127600061369247,0.32558739228555117
DivTree λ=0,divtree_lambda0,fnr_region_2,4400,high,0.45,0.5009090909090909,0.0,0.0,0.0,0.4567343893787593,1.0,1.0,1.0,0.4961016135125018,0.4358946860341378
DivTree λ=1,divtree_lambda1_region2,fnr_region_2,4400,high,0.45,0.5020454545454546,0.0,0.0,0.0,0.45962161068105756,1.0,1.0,1.0,0.49194430294965835,0.43067298490124506
DivTree λ=2,divtree_lambda2_region2,fnr_region_2,4400,high,0.45,0.49977272727272726,0.0,0.0,0.0,0.445075342908465,1.0,1.0,1.0,0.48850911016261206,0.4261833644638659
DivTree λ=4,divtree_lambda4_region2,fnr_region_2,4400,high,0.45,0.5018181818181818,0.0,0.0,0.0,0.4582843554748447,1.0,1.0,1.0,0.4852470691605564,0.4223271838740554
DivTree λ=8,divtree_lambda8_region2,fnr_region_2,4400,high,0.45,0.5011363636363636,0.0,0.0,0.0,0.4563999886997721,1.0,1.0,1.0,0.47982980133920383,0.4210322820673615
TwoStep (recall),twostep_recall,fnr_region_2,4400,high,0.45,0.4913636363636364,0.0,0.0,0.0,0.41484684894438417,1.0,1.0,1.0,0.4544209058050631,0.43683851634289467
TwoStep (tuned),twostep_tuned,fnr_region_2,4400,high,0.45,0.515,0.0,0.0,0.0,0.48664083240265493,1.0,1.0,1.0,0.49374183284174394,0.40841026770842226
DivTree λ=0,divtree_lambda0,n_leaves,4400,high,80.0,0.05590909090909091,2.0,2.0,2.0,6.0,73.0,80.0,89.0,22.076363636363638,27.66446006003412
DivTree λ=1,divtree_lambda1_region2,n_leaves,4400,high,81.0,0.05045454545454545,2.0,2.0,2.0,6.0,74.0,81.0,88.01000000000022,22.143636363636364,27.756380191269795
DivTree λ=2,divtree_lambda2_region2,n_leaves,4400,high,80.0,0.057272727272727274,2.0,2.0,2.0,6.0,74.0,80.0,88.0,22.241136363636365,27.661226367665318
DivTree λ=4,divtree_lambda4_region2,n_leaves,4400,high,79.0,0.05795454545454545,2.0,2.0,2.0,8.0,74.0,79.0,87.0,22.49568181818182,27.37872398063597
DivTree λ=8,divtree_lambda8_region2,n_leaves,4400,high,79.0,0.05522727272727273,2.0,2.0,2.0,8.0,74.0,79.0,86.01000000000022,22.8425,27.335873252509653
TwoStep (recall),twostep_recall,n_leaves,4400,high,200.0,0.08522727272727272,1.0,1.0,1.0,100.0,199.0,200.0,200.0,91.70454545454545,84.56854120272517
TwoStep (tuned),twostep_tuned,n_leaves,4400,high,200.0,0.46045454545454545,1.0,1.0,1.0,199.0,200.0,200.0,200.0,147.94136363636363,77.45397588218876
DivTree λ=0,divtree_lambda0,precision_region_2,3291,low,0.55,0.6387116378000608,0.011403067217020703,0.13503132000210555,0.22105263157894736,0.4484262557243585,1.0,1.0,1.0,0.5445888562150489,0.30039760684438177
DivTree λ=1,divtree_lambda1_region2,precision_region_2,3482,low,0.55,0.6499138426191844,0.01447643797643798,0.11117296678290244,0.19684196871790482,0.4421816201145513,1.0,1.0,1.0,0.5313856148406058,0.303876264160431
DivTree λ=2,divtree_lambda2_region2,precision_region_2,3643,low,0.55,0.65715069997255,0.0016833667334669406,0.09874816990635447,0.1712584190003545,0.4338235294117647,1.0,1.0,1.0,0.5198498293470537,0.30548167495683304
DivTree λ=4,divtree_lambda4_region2,precision_region_2,3827,low,0.55,0.6657956623987458,0.005013175958215636,0.08658183990610395,0.1555906938580147,0.42426900584795324,1.0,1.0,1.0,0.5059617569388382,0.30549887128539943
DivTree λ=8,divtree_lambda8_region2,precision_region_2,3962,low,0.55,0.668349318525997,0.006580048270313754,0.0829444582377941,0.14841776689636602,0.42017464329189225,1.0,1.0,1.0,0.5010503238295289,0.30648603841803734
TwoStep (recall),twostep_recall,precision_region_2,3711,low,0.55,0.7685260037725681,0.018591921018547935,0.1591261473579757,0.2431659817759514,0.40244334528550574,1.0,1.0,1.0,0.472395813816243,0.2547196913205977
TwoStep (tuned),twostep_tuned,precision_region_2,3735,low,0.55,0.7127175368139224,0.013859269627179054,0.1581595365418895,0.2445989452884095,0.43437263568669615,1.0,1.0,1.0,0.5011166902857763,0.25825093605611266
DivTree λ=0,divtree_lambda0,recall_region_2,4400,low,0.55,0.5009090909090909,0.0,0.0,0.0,0.5432656106212406,1.0,1.0,1.0,0.5038983864874982,0.4358946860341378
DivTree λ=1,divtree_lambda1_region2,recall_region_2,4400,low,0.55,0.5020454545454546,0.0,0.0,0.0,0.5403783893189424,1.0,1.0,1.0,0.5080556970503417,0.43067298490124506
DivTree λ=2,divtree_lambda2_region2,recall_region_2,4400,low,0.55,0.49977272727272726,0.0,0.0,0.0,0.554924657091535,1.0,1.0,1.0,0.5114908898373879,0.4261833644638659
DivTree λ=4,divtree_lambda4_region2,recall_region_2,4400,low,0.55,0.5018181818181818,0.0,0.0,0.0,0.5417156445251552,1.0,1.0,1.0,0.5147529308394436,0.4223271838740554
DivTree λ=8,divtree_lambda8_region2,recall_region_2,4400,low,0.55,0.5011363636363636,0.0,0.0,0.0,0.543600011300228,1.0,1.0,1.0,0.5201701986607962,0.4210322820673615
TwoStep (recall),twostep_recall,recall_region_2,4400,low,0.55,0.4913636363636364,0.0,0.0,0.0,0.5851531510556158,1.0,1.0,1.0,0.5455790941949369,0.43683851634289467
TwoStep (tuned),twostep_tuned,recall_region_2,4400,low,0.55,0.515,0.0,0.0,0.0,0.513359167597345,1.0,1.0,1.0,0.506258167158256,0.4084102677084223
DivTree λ=0,divtree_lambda0,runtime,4400,high,196.68307517766965,0.05,6.125357222557068,7.174518942832947,8.042846536636352,25.015469789505005,127.37355489730832,196.68307517766965,347.7265002799034,52.10848043403842,67.6496882764523
DivTree λ=1,divtree_lambda1_region2,runtime,4400,high,199.17851132154473,0.05,6.108919291496277,7.146605730056763,8.113796734809876,25.51730978488922,129.9152587652206,199.17851132154473,347.6581295061113,53.04661836477843,68.46023612932197
DivTree λ=2,divtree_lambda2_region2,runtime,4400,high,204.0881351709366,0.05,6.087746222019196,7.147087562084198,8.018900561332703,25.592427372932434,133.28729829788207,204.0881351709366,345.0163753008846,53.70759120610627,69.12073658664998
DivTree λ=4,divtree_lambda4_region2,runtime,4400,high,209.4409243226052,0.05,6.048627886772156,7.06996386051178,7.909143662452698,25.357032895088196,137.61983177661895,209.4409243226052,347.616924455166,54.347286372184755,70.17909361256054
DivTree λ=8,divtree_lambda8_region2,runtime,4400,high,213.56726444959656,0.05,5.9674480509758,6.9993923783302305,7.934759473800659,25.185602068901062,140.7670907497406,213.56726444959656,344.567825627327,54.46084959100593,70.55633229759894
